﻿pos_x,pos_y,rotation,side,designator,mpn,pack,value,mount_type,place
206.41115,-37.5,0.0,top,J1,WQP-WQP518MA,EighthInch_PJ398SM,3.5mm_Mono_Switched,tht,True
178.47115,-37.5,0.0,top,J2,WQP-WQP518MA,EighthInch_PJ398SM,3.5mm_Mono_Switched,tht,True
164.50115,-37.5,90.0,top,J3,1-0201FBV0T,Switchcraft_41,TiniJax,tht,True
150.53115,-37.5,0.0,top,J4,WQP-WQP518MA,EighthInch_PJ398SM,3.5mm_Mono_Switched,tht,True
192.44115,-37.5,90.0,top,J5,1-0201FBV0T,Switchcraft_41,TiniJax,tht,True
136.56115,-37.5,90.0,top,J6,1-0201FBV0T,Switchcraft_41,TiniJax,tht,True
122.785715,-37.5,0.0,top,J7,WQP-WQP518MA,EighthInch_PJ398SM,3.5mm_Mono_Switched,tht,True
108.62115,-37.5,90.0,top,J8,1-0201FBV0T,Switchcraft_41,TiniJax,tht,True
